Model,Accuracy,Precision,Recall,F1 Score
VADER,0.794,0.6621734901277584,0.794,0.7155170596992622
TextBlob,0.794,0.665269035532995,0.794,0.7156375418994413
